{
    "batch_size": 128,
    "cache_gpu_percent": 0,
    "cache_cpu_percent": 40,
    "w_gpu_percent": 24,
    "w_cpu_percent": 16,
    "resident_partitions": 9,
    "predicted_inf_latency": 106.01201310735826,
    "predicted_query_latency": 360.58845830407665,
    "max_latency": 363.62360871666965
}