{
    "batch_size": [
        2,
        2,
        4,
        4,
        8
    ],
    "cache_gpu_percent": [
        0,
        0,
        0,
        0,
        0
    ],
    "cache_cpu_percent": [
        100,
        100,
        100,
        100,
        100
    ],
    "w_gpu_percent": [
        9,
        9,
        9,
        9,
        8
    ],
    "w_cpu_percent": [
        91,
        84,
        91,
        84,
        92
    ],
    "resident_partitions": [
        5,
        6,
        5,
        6,
        4
    ],
    "inference_latency": [
        196.511146068573,
        266.13847255706787,
        186.59326243400574,
        251.5840446949005,
        213.54656767845154
    ],
    "query_latency": [
        240.182297706604,
        251.2693932056427,
        252.49260663986206,
        252.52620911598206,
        276.4547619819641
    ]
}