{
    "batch_size": [
        2,
        4,
        8,
        16,
        32,
        32,
        64,
        64,
        96
    ],
    "cache_gpu_percent": [
        0,
        0,
        0,
        0,
        0,
        0,
        0,
        0,
        0
    ],
    "cache_cpu_percent": [
        100,
        100,
        100,
        100,
        100,
        40,
        100,
        40,
        100
    ],
    "w_gpu_percent": [
        43,
        43,
        43,
        42,
        39,
        20,
        35,
        34,
        31
    ],
    "w_cpu_percent": [
        57,
        57,
        57,
        58,
        61,
        20,
        65,
        6,
        69
    ],
    "resident_partitions": [
        9,
        9,
        9,
        9,
        9,
        0,
        8,
        10,
        7
    ],
    "inference_latency": [
        46.31517219543457,
        36.372297048568726,
        53.29762887954712,
        46.26563048362732,
        51.994710206985474,
        64.84693503379822,
        69.60309267044067,
        132.89077162742615,
        86.00137615203857
    ],
    "query_latency": [
        208.87588572502136,
        238.91300702095032,
        228.6405646800995,
        247.09796023368835,
        264.7855598926544,
        433.45405769348145,
        282.8338017463684,
        314.0611402988434,
        322.64929461479187
    ]
}