{
    "coefficients": [
        0.6270609970796379,
        0.1444295312459246,
        -0.012284696315724429,
        -0.009340483672922955,
        1.599781881752908,
        1.3820334153545064
    ],
    "intercept": 0.9495443076301058,
    "features": [
        "w_gpu_percent",
        "w_cpu_percent",
        "cache_gpu_percent * batch_size",
        "cache_cpu_percent * batch_size",
        "batch_size",
        "log(batch_size)"
    ],
    "mse": 61.27591041413171,
    "equation": "inference_latency = 0.6271 * w_gpu_percent + 0.1444 * w_cpu_percent + -0.0123 * cache_gpu_percent * batch_size + -0.0093 * cache_cpu_percent * batch_size + 1.5998 * batch_size + 1.3820 * log(batch_size) + 0.9495"
}