{
    "batch_size": 128,
    "cache_gpu_percent": 12,
    "cache_cpu_percent": 28,
    "w_gpu_percent": 0,
    "w_cpu_percent": 40,
    "resident_partitions": 8,
    "predicted_inf_latency": 208.43472747020314,
    "predicted_query_latency": 331.13696977197384,
    "max_latency": 327.17914664601983
}