{
    "coefficients": [
        -19.210057867926242,
        0.846096656799732
    ],
    "intercept": 403.54420809940694,
    "features": [
        "resident_partitions",
        "batch_size"
    ],
    "mse": 422.90246187361237,
    "equation": "query_latency = -19.2101 * resident_partitions + 0.8461 * batch_size + 403.5442"
}