{
    "coefficients": [
        -30.529770346926817,
        1.0998440440048773
    ],
    "intercept": 545.6708463313589,
    "features": [
        "resident_partitions",
        "batch_size"
    ],
    "mse": 137.95229761366878,
    "equation": "query_latency = -30.5298 * resident_partitions + 1.0998 * batch_size + 545.6708"
}