{
    "batch_size": [
        2,
        4,
        8,
        16,
        32,
        32,
        64,
        64,
        64,
        96,
        96,
        128,
        128,
        160,
        160,
        192,
        192,
        192
    ],
    "cache_gpu_percent": [
        0,
        0,
        0,
        0,
        0,
        0,
        0,
        0,
        0,
        0,
        0,
        12,
        0,
        0,
        0,
        5,
        0,
        0
    ],
    "cache_cpu_percent": [
        100,
        100,
        100,
        100,
        100,
        40,
        40,
        100,
        40,
        40,
        100,
        28,
        100,
        40,
        100,
        35,
        100,
        75
    ],
    "w_gpu_percent": [
        43,
        43,
        43,
        42,
        39,
        39,
        34,
        35,
        0,
        29,
        31,
        0,
        26,
        19,
        22,
        0,
        18,
        18
    ],
    "w_cpu_percent": [
        57,
        57,
        57,
        58,
        61,
        1,
        6,
        65,
        100,
        11,
        69,
        40,
        74,
        21,
        78,
        40,
        82,
        82
    ],
    "resident_partitions": [
        8,
        8,
        8,
        8,
        7,
        9,
        9,
        7,
        0,
        8,
        6,
        8,
        5,
        8,
        5,
        7,
        4,
        5
    ],
    "inference_latency": [
        42.56129765510559,
        41.92258334159851,
        43.85301756858826,
        48.582303047180176,
        52.75770878791809,
        59.957674980163574,
        97.79571628570557,
        78.56124472618103,
        99.10794854164124,
        161.30260014533997,
        119.85521292686462,
        170.1791706085205,
        115.63517189025879,
        224.31032013893127,
        140.9425663948059,
        239.6770691871643,
        158.29488396644592,
        195.2824411392212
    ],
    "query_latency": [
        209.20249009132385,
        235.74101209640503,
        232.94869327545166,
        248.14282894134521,
        294.80175256729126,
        291.26470017433167,
        306.0016543865204,
        287.6591098308563,
        544.5325398445129,
        308.80943489074707,
        315.35460591316223,
        338.9386568069458,
        349.65162682533264,
        348.81942653656006,
        403.6308114528656,
        379.7059254646301,
        352.75824069976807,
        421.4465265274048
    ]
}