{
    "batch_size": [
        2,
        4,
        8,
        16,
        32,
        32,
        32,
        64,
        64
    ],
    "cache_gpu_percent": [
        0,
        0,
        0,
        0,
        0,
        13,
        0,
        0,
        0
    ],
    "cache_cpu_percent": [
        100,
        100,
        100,
        100,
        100,
        27,
        40,
        40,
        100
    ],
    "w_gpu_percent": [
        51,
        50,
        50,
        49,
        47,
        40,
        0,
        0,
        42
    ],
    "w_cpu_percent": [
        49,
        50,
        50,
        51,
        53,
        0,
        40,
        40,
        58
    ],
    "resident_partitions": [
        11,
        11,
        11,
        10,
        10,
        10,
        10,
        10,
        9
    ],
    "inference_latency": [
        36.27478551864624,
        40.51634931564331,
        42.269726276397705,
        42.46293592453003,
        46.637898683547974,
        59.73893475532532,
        62.13024377822876,
        81.73023509979248,
        75.9131212234497
    ],
    "query_latency": [
        192.07141208648682,
        213.70471024513245,
        220.8647801876068,
        271.87929224967957,
        288.4641225337982,
        282.9865083694458,
        270.2051031589508,
        318.4773030281067,
        323.0059003829956
    ]
}