{
    "batch_size": [
        2,
        4,
        8,
        16,
        32,
        64,
        64,
        64,
        96,
        96,
        128,
        128,
        160
    ],
    "cache_gpu_percent": [
        0,
        0,
        0,
        0,
        0,
        0,
        0,
        0,
        0,
        3,
        0,
        0,
        0
    ],
    "cache_cpu_percent": [
        100,
        100,
        100,
        100,
        100,
        40,
        100,
        40,
        100,
        30,
        40,
        100,
        40
    ],
    "w_gpu_percent": [
        43,
        43,
        43,
        42,
        39,
        18,
        35,
        34,
        31,
        0,
        24,
        26,
        19
    ],
    "w_cpu_percent": [
        57,
        57,
        57,
        58,
        61,
        22,
        65,
        6,
        69,
        40,
        16,
        74,
        21
    ],
    "resident_partitions": [
        9,
        9,
        9,
        9,
        8,
        0,
        7,
        10,
        6,
        9,
        9,
        6,
        8
    ],
    "inference_latency": [
        36.73244881629944,
        38.8474338054657,
        41.00494647026062,
        55.86416172981262,
        55.4641535282135,
        82.11925792694092,
        64.39658737182617,
        85.42407298088074,
        86.0818464756012,
        109.7935836315155,
        122.70031809806824,
        91.72398900985718,
        151.36203002929688
    ],
    "query_latency": [
        211.13362741470337,
        222.55519247055054,
        230.21185851097107,
        251.27726936340332,
        272.94983768463135,
        479.2713234424591,
        334.32509756088257,
        306.98022651672363,
        358.476270198822,
        320.0206482410431,
        348.5545780658722,
        349.6064920425415,
        388.2518730163574
    ]
}